"1,01-Mar,Sunday"
"2,02-Mar,Monday"
"3,03-Mar,Tuesday"
"4,04-Mar,Wednesday"
"5,05-Mar,Thursday"
"6,06-Mar,Friday"
"7,07-Mar,Saturday"
"8,08-Mar,Sunday"
"9,09-Mar,Monday"
"10,10-Mar,Tuesday"
"11,11-Mar,Wednesday"
"12,12-Mar,Thursday"
"13,13-Mar,Friday"
"14,14-Mar,Saturday"
"15,15-Mar,Sunday"
"16,16-Mar,Monday"
"17,17-Mar,Tuesday"
"18,18-Mar,Wednesday"
"19,19-Mar,Thursday"
"20,20-Mar,Friday"
"21,21-Mar,Saturday"
"22,22-Mar,Sunday"
"23,23-Mar,Monday"
"24,24-Mar,Tuesday"
"25,25-Mar,Wednesday"
"26,26-Mar,Thursday"
"27,27-Mar,Friday"
"28,28-Mar,Saturday"
"29,29-Mar,Sunday"
"30,30-Mar,Monday"
"31,31-Mar,Tuesday"
"32,,"
